label,n_obs,rmse,mae,corr
tau-window best,24,0.7700525053202196,0.6412925229792591,0.756975821174422
