adf_stat,adf_p,adf_lags,kpss_stat,kpss_p,kpss_lags
-4.82172665717476,4.941334378173972e-05,0,0.1498123052685328,0.1,3
