spec,n,r2,adj_r2,aic,bic,rmse,mae,mape_pct,oos_rmse,oos_mae
baseline_drivers,19,0.6732656494103711,0.5475985914912831,61.05786361492464,75.22444830242125,0.6984454527503612,0.5810065193165811,20.33106381638473,0.733649196483769,0.6547829073021136
no_climate_drivers,19,0.33991387480413293,0.2574031091546496,79.11183227053743,90.44510002053471,0.9810680002562624,0.8793691084604078,28.608208149326575,1.3586833773108313,1.2000603787284734
enso_only,19,0.5387306826230365,0.4464768191476438,72.26620579038101,84.54391251954473,0.8272826335692279,0.7131416014143411,25.536111457608957,1.2534018536902656,1.070552995453355
reduced_first2,19,0.58310431796476,0.4639912659546914,62.62597423340429,75.84811994173445,0.7890665977147748,0.6429709645613882,22.88807598487159,0.6496845473217949,0.4865472015702311
