series,jb_p,bp_p,white_p,durbin_watson,ljung_box_p,flag_jb_pass_5pct,flag_bp_pass_5pct,flag_white_pass_5pct,flag_dw_pass,flag_lb_pass_5pct
Ocean sink,0.7675082980572037,0.38529695755131993,0.6441596853118183,1.7704853871391781,0.5498572958255123,pass,pass,pass,pass,pass
Land sink,0.754759350111467,0.24669487212056548,0.37421106159619216,2.005804180208619,0.21256018080481534,pass,pass,pass,pass,pass
Imbalance,0.7694708456451476,1.0,,1.8619987119177481,0.8627716431452461,pass,pass,fail,pass,pass
G_ATM prediction error,0.5741117191025793,0.21586142338301292,0.1413588642432078,1.9616586738926867,0.5575483457421855,pass,pass,pass,pass,pass
