variable,vif
E_total,2.062478153800264
dE_total,1.883375491734307
scpdsi_global_max_z,1.5846485582257133
tau_global_mean_z,1.2102945440056534
nino34_max_z,1.1169051025522116
