series,jb_stat,jb_p,skew,kurtosis,lb_p_1,lb_p_2,lb_p_5,lb_p_10
Ocean sink,0.5292119755566301,0.7675082980572037,0.10396399448856991,3.6971211709283778,0.7759826219919305,0.4332300303600053,0.4446514505173005,0.5884382999707043
Land sink,0.5627126442324415,0.754759350111467,-0.3714307417145152,2.895743294364046,0.668187804839183,0.23351797359187404,0.20704626888235134,0.2058827594328355
Imbalance,0.5241044276433338,0.7694708456451476,0.08738323822329415,2.2974609574167584,0.9586155703096482,0.9210665484092513,0.9742844121603532,0.9207383830181983
